Category,Topic
Energy,2
Integration and Testing,3
Missions and Systems Requirements Definition,26
Mission Operations and Ground Support Systems,13
Flight Equipment,28
Flight Operations,24
Program and Project Management,24
Facilities,17
Review boards,32
Pressure Vessels,10
Administration / Organization,31
Security,17
Program level review processes,7
Aerospace Safety Advisory Panel,25
Requirements critical to costing and cost credibility,10
Disposal,21
NASA Standards,17
Manufacturing and Assembly,21
Communication Systems,17
Independent Verification and Validation,28
Acquisition / procurement strategy and planning,34
Ground Operations,25
Policy & Planning,7
Parts,30
Engineering Design,9
Procurement,17
Environment,13
Accident Investigation,32
Fire Protection,6
Ground Equipment,16
Energetic Materials - Explosive / Propellant / Pyrotechnic,27
Extra-Vehicular Activity,3
Human Factors,32
Program planning / development and management,30
Risk Management / Assessment,2
Categories,26
Human Factors/Habitability,1
Power,2
Systems Engineering and Analysis,1
Emergency Preparedness,18
Program Management,34
Spacecraft,20
Logistics,10
Configuration and data management,7
Information Technology / Systems,34
Communications between different offices and contractor personnel,17
Cryogenic Systems,27
Aircraft,16
Ground support systems,2
Test & Verification,31
Configuration Management,32
Propulsion,3
Launch Systems,33
Lander Systems,25
Safety & Mission Assurance,26
Ground processing and manifesting,14
Software Engineering,28
Software,28
External Relations,16
Crew Operations,3
Computers,28
Entry Systems,3
Configuration control and data management,4
Environmental Control and Life Support Systems,24
Spacecraft and Spacecraft Instruments,7
Crew Survival Systems,3
Orbiting Vehicles,11
Launch Vehicle,1
Industrial Operations,5
Safety and Mission Assurance,10
Computer-Aided Design / Manufacturing / Engineering,4
Research & Development,6
Launch Process,34