"","Label","Topic"
"1","human task unit",1
"2","fuel water valv",2
"3","check leak electron",3
"4","damag pump air",4
"5","shuttl abort main",5
"6","technolog vendor higher",6
"7","tool heat radiat",7
"8","crew iss comput",8
"9","loss command fault",9
"10","chamber optic delay",10
"11","posit access platform",11
"12","instal circuit termin",12
"13","thermal temperatur margin",13
"14","cabl wire connector",14
"15","mainten subsystem compromis",15
"16","pressur hose flex",16
"17","lesson hazard prime",17
"18","fire hazard batteri",18
"19","reliabl class proven",19
"20","power electr see",20
"21","materi excess properti",21
"22","instrument manufactur lot",22
"23","payload rocket connect",23
"24","structur measur track",24
"25","surfac seal actuat",25
"26","jpl scienc drive",26
"27","valv contamin tank",27
"28","softwar simul attitud",28
"29","call report accid",29
"30","investig generat transport",30
"31","clean signal suppli",31
"32","vent excess move",32
"33","load lift handl",33
"34","research propos get",34
"35","joint defect field",35
